,0,1,2,penalty,r2 approx
0,19.960140994344094,0.24784787877827874,19.43369028074047,1569.1280879209512,-0.5691280879209512
1,19.726682681187903,0.1733052277460505,18.702349154105566,1572.3966507376822,-0.5723966507376822
2,19.5860053976237,0.16298129717598187,18.155656680751747,1576.1380059866606,-0.5761380059866605
3,19.379672857834578,0.24399135584264364,19.42521094301167,1586.6381795647214,-0.5866381795647214
4,19.62728057487833,0.5739987158966926,19.659125887371026,1591.5315358723665,-0.5915315358723665
5,19.454792354198492,0.5063465168898382,18.572512347847947,1597.5770740405164,-0.5975770740405164
6,19.39199201381097,0.503092442684121,19.188036019632126,1599.342293367879,-0.5993422933678789
7,19.65599759955347,0.7385644284943815,19.684352400506196,1601.4457932134264,-0.6014457932134264
8,19.753550101604283,0.9391348737821907,17.62506301012486,1609.6133235336208,-0.6096133235336209
