model,total_score
model_c_H10_part2_1_1.xml,0.6598408058296522
model_c_H10_part2_2_1.xml,0.6598688022115745
model_c_H10_part2_3_1.xml,0.6596436534652335
model_c_H10_part3_1_1.xml,0.6577343132817577
model_c_H10_part3_2_1.xml,0.6528606308886635
model_c_H10_part3_3_1.xml,0.6482854127314455
model_c_H10_part4_1.xml,0.6482854127314455
model_c_H10_part5_1.xml,0.6434651127132796
model_cellulolyticum_H10.xml,0.6599981610230783